{
	"format_version": "1.8.0",
	"animations": {
		"syringue": {
			"animation_length": 2.875,
			"bones": {
				"headwear": {
					"rotation": {
						"0.0": {
							"vector": [-0.0593, -0.01152, 0.54094]
						},
						"1.0": {
							"vector": [2.5, -12.5, 0]
						},
						"1.5": {
							"vector": [2.5, -12.5, 0]
						},
						"2.5": {
							"vector": [-0.0593, -0.01152, 0.54094]
						}
					}
				},
				"left_arm": {
					"rotation": {
						"0.0": {
							"vector": [-0.19628, -0.59846, 0.24206]
						},
						"1.0": {
							"vector": [-72.26228, 12.3071, 2.20462]
						},
						"1.5": {
							"vector": [-72.26228, 12.3071, 2.20462]
						},
						"2.5": {
							"vector": [-0.19628, -0.59846, 0.24206]
						}
					}
				},
				"left_sleve": {
					"rotation": {
						"0.0": {
							"vector": [0, 0, 0]
						},
						"1.0": {
							"vector": [-72.10193, 11.91276, 3.81397]
						},
						"1.5": {
							"vector": [-72.10193, 11.91276, 3.81397]
						},
						"2.5": {
							"vector": [0, 0, 0]
						}
					}
				},
				"right_arm": {
					"rotation": {
						"0.0": {
							"vector": [-0.1915, -0.77139, -0.71002]
						},
						"1.0": {
							"vector": [-93.84641, -51.3798, -12.75141]
						},
						"1.5": {
							"vector": [-93.84641, -51.3798, -12.75141]
						},
						"2.5": {
							"vector": [-0.1915, -0.77139, -0.71002]
						}
					}
				},
				"right_sleve": {
					"rotation": {
						"0.0": {
							"vector": [0, 0, 0]
						},
						"1.0": {
							"vector": [-93.8464, -51.3798, -12.7514]
						},
						"1.5": {
							"vector": [-93.8464, -51.3798, -12.7514]
						},
						"2.5": {
							"vector": [0, 0, 0]
						}
					},
					"position": {
						"1.0": {
							"vector": [0.5, 0, -1]
						},
						"1.5": {
							"vector": [0.5, 0, -1]
						}
					}
				}
			}
		}
	}
}